n,npcr_dep,entropy_dep,avalanche_dep,enc_dep_s,dec_dep_s,npcr_cur,entropy_cur,avalanche_cur,enc_cur_s,dec_cur_s
10, 1, 7.99996, 0.499238, 3.73542, 0.719382, 0.999985, 7.99997, 0.499134, 8.90289, 5.75853
20, 1, 7.99997, 0.499428, 4.15086, 1.24225, 0.999988, 7.99997, 0.499233, 8.94198, 5.83228
30, 1, 7.99997, 0.499222, 4.57256, 1.76241, 0.999983, 7.99997, 0.499292, 9.05527, 5.92204
40, 1, 7.99998, 0.499284, 4.99386, 2.28615, 0.99999, 7.99997, 0.49925, 9.0773, 5.95983
50, 1, 7.99997, 0.499188, 5.41778, 2.80917, 0.999984, 7.99998, 0.499286, 9.15242, 6.02893
60, 1, 7.99997, 0.499302, 5.83969, 3.3182, 0.999987, 7.99997, 0.49918, 9.06044, 5.96605
70, 1, 7.99997, 0.499232, 6.23818, 3.84168, 0.999986, 7.99997, 0.499202, 9.23062, 6.12723
80, 1, 7.99997, 0.499227, 6.66507, 4.3573, 0.999986, 7.99997, 0.499325, 9.22522, 6.1311
90, 1, 7.99997, 0.499239, 7.10199, 4.87343, 0.999981, 7.99997, 0.499208, 9.19996, 6.08105
100, 1, 7.99997, 0.499273, 7.51504, 5.39389, 0.999986, 7.99997, 0.499275, 9.31327, 6.21713
110, 1, 7.99997, 0.499139, 7.93613, 5.92318, 0.999985, 7.99997, 0.499317, 9.31852, 6.21857
120, 1, 7.99997, 0.499296, 8.37334, 6.44352, 0.999984, 7.99997, 0.499305, 9.26325, 6.15488
130, 1, 7.99997, 0.499312, 8.77926, 6.95315, 0.999987, 7.99997, 0.499269, 9.48359, 6.38334
140, 1, 7.99997, 0.499329, 9.18656, 7.4779, 0.999981, 7.99997, 0.499266, 9.48697, 6.38318
150, 1, 7.99997, 0.499248, 9.62778, 7.98668, 0.999984, 7.99997, 0.499292, 9.44885, 6.32345
160, 1, 7.99997, 0.499303, 10.0304, 8.5285, 0.999983, 7.99997, 0.499226, 9.47085, 6.38417
170, 1, 7.99998, 0.499423, 10.4581, 9.06753, 0.999986, 7.99997, 0.499363, 10.016, 6.38156
180, 1, 7.99997, 0.499302, 10.8856, 9.55718, 0.999989, 7.99998, 0.499205, 9.43579, 6.32843
190, 1, 7.99997, 0.499236, 11.2879, 10.0751, 0.999983, 7.99998, 0.49919, 9.5403, 6.40751
200, 1, 7.99997, 0.499229, 11.7225, 10.6267, 0.999985, 7.99997, 0.499345, 9.52764, 6.41314
210, 1, 7.99997, 0.49931, 12.1518, 11.1426, 0.999988, 7.99997, 0.499289, 9.48875, 6.38638
220, 1, 7.99997, 0.499307, 12.5544, 11.6639, 0.999978, 7.99997, 0.499233, 9.53619, 6.42645
230, 1, 7.99998, 0.499265, 12.9837, 12.2049, 0.999989, 7.99997, 0.499137, 9.5278, 6.40944
240, 1, 7.99997, 0.499131, 13.39, 12.6927, 0.999982, 7.99997, 0.4993, 9.48271, 6.36667
250, 1, 7.99997, 0.499249, 13.8192, 13.2099, 0.999987, 7.99997, 0.499268, 9.5374, 6.41818
260, 1, 7.99997, 0.499317, 14.252, 13.7038, 0.999985, 7.99997, 0.499212, 9.58319, 6.46717
270, 1, 7.99997, 0.499337, 14.6389, 14.2383, 0.999984, 7.99997, 0.499299, 9.56607, 6.43277
280, 1, 7.99997, 0.499211, 15.0757, 14.79, 0.99998, 7.99997, 0.499323, 9.58638, 6.47423
290, 1, 7.99997, 0.499272, 15.4764, 15.2556, 0.999986, 7.99997, 0.499409, 9.59641, 6.47357
300, 1, 7.99997, 0.499288, 15.9464, 15.825, 0.999989, 7.99997, 0.499358, 9.52872, 6.41695
