a_param,npcr_dep,entropy_dep,avalanche_dep,enc_dep_s,dec_dep_s,npcr_cur,entropy_cur,avalanche_cur,enc_cur_s,dec_cur_s
1, 1, 7.99997, 0.499324, 4.47759, 1.49238, 0.999986, 7.99997, 0.499276, 9.18865, 6.06572
2185, 1, 7.99997, 0.49924, 5.41226, 2.80195, 0.999986, 7.99997, 0.499391, 9.14135, 6.01875
4369, 1, 7.99997, 0.499345, 5.41666, 2.81571, 0.999982, 7.99997, 0.499326, 9.13847, 6.04262
6553, 1, 7.99997, 0.499333, 5.4055, 2.78945, 0.999986, 7.99997, 0.499356, 9.14682, 6.02299
8737, 1, 7.99997, 0.499256, 5.39084, 2.71826, 0.999985, 7.99997, 0.499261, 9.14314, 6.03452
10921, 1, 7.99997, 0.49928, 5.40483, 2.78681, 0.999988, 7.99997, 0.49934, 9.14635, 6.03351
13105, 1, 7.99997, 0.499322, 5.33125, 2.54983, 0.999986, 7.99997, 0.499395, 9.14085, 6.03092
15289, 1, 7.99997, 0.499288, 5.41018, 2.79314, 0.999982, 7.99997, 0.499248, 9.1473, 6.03925
17473, 1, 7.99997, 0.499296, 5.41441, 2.81256, 0.999984, 7.99997, 0.499254, 9.14463, 6.04733
19657, 1, 7.99997, 0.499343, 5.22924, 2.35764, 0.999985, 7.99997, 0.499263, 9.14442, 6.03208
21841, 1, 7.99996, 0.49936, 5.40676, 2.80368, 0.999982, 7.99997, 0.499166, 9.1531, 6.03911
24025, 1, 7.99997, 0.499389, 5.18769, 2.2827, 0.999985, 7.99997, 0.49925, 9.13013, 6.04244
26209, 1, 7.99997, 0.499341, 5.26615, 2.20322, 0.999985, 7.99997, 0.499376, 9.13423, 6.02326
28393, 1, 7.99997, 0.49927, 5.41486, 2.77632, 0.999984, 7.99997, 0.499355, 9.14939, 6.03162
30577, 1, 7.99997, 0.499234, 5.2828, 2.4333, 0.999984, 7.99997, 0.499447, 9.151, 6.03346
32761, 1, 7.99997, 0.499316, 5.35555, 2.61104, 0.999984, 7.99997, 0.499252, 9.15438, 6.0345
34945, 1, 7.99997, 0.499334, 5.41615, 2.81437, 0.999987, 7.99997, 0.499143, 9.16451, 6.03656
37129, 1, 7.99997, 0.499224, 5.39417, 2.82749, 0.999985, 7.99997, 0.499273, 9.14644, 6.0357
39313, 1, 7.99997, 0.499282, 5.02172, 1.9863, 0.999986, 7.99997, 0.49927, 9.15176, 6.03277
41497, 1, 7.99997, 0.499444, 5.317, 2.53005, 0.999986, 7.99997, 0.499427, 9.13718, 6.03878
43681, 1, 7.99997, 0.499354, 5.40683, 2.78144, 0.999981, 7.99997, 0.499246, 9.15, 6.04305
45865, 1, 7.99997, 0.499251, 5.37748, 2.69463, 0.999983, 7.99997, 0.499312, 9.15569, 6.02718
48049, 1, 7.99997, 0.4993, 5.44677, 2.90987, 0.999987, 7.99997, 0.499268, 9.15282, 6.05066
50233, 1, 7.99997, 0.499318, 5.41243, 2.79285, 0.999985, 7.99998, 0.499161, 9.16773, 6.04426
52417, 1, 7.99997, 0.499392, 5.41548, 2.76953, 0.999985, 7.99997, 0.499408, 9.14923, 6.03292
54601, 1, 7.99997, 0.499334, 5.40805, 2.80775, 0.999979, 7.99997, 0.49927, 9.1536, 6.04846
56785, 1, 7.99997, 0.49923, 5.40086, 2.73698, 0.999981, 7.99997, 0.499176, 9.16018, 6.05709
58969, 1, 7.99997, 0.499223, 5.41968, 2.82223, 0.999986, 7.99997, 0.499278, 9.16512, 6.04023
61153, 1, 7.99997, 0.499344, 5.40976, 2.80511, 0.999984, 7.99998, 0.499417, 9.15483, 6.03806
63337, 1, 7.99997, 0.499253, 5.39535, 2.78429, 0.999979, 7.99997, 0.499297, 9.15496, 6.05069
