bits,npcr_dep,entropy_dep,avalanche_dep,enc_dep_s,dec_dep_s,npcr_cur,entropy_cur,avalanche_cur,enc_cur_s,dec_cur_s
1625039629, 1, 7.99997, 0.499315, 5.36344, 2.64208, 0.999985, 7.99998, 0.499286, 4.03777, 0.909995
712864826582848388186763035809, 1, 7.99997, 0.499121, 5.36848, 2.64819, 0.999987, 7.99997, 0.499156, 4.05614, 0.937415
945923003461445350806646684522538263461956316355433, 1, 7.99997, 0.499301, 5.35975, 2.66716, 0.999981, 7.99997, 0.499316, 4.14617, 1.02092
1067692358865261821407069897283797371925518558577517861416199311029445957, 1, 7.99997, 0.499298, 5.36691, 2.66093, 0.999988, 7.99997, 0.499305, 4.1943, 1.07009
711537081411936201784721211762115367077147593458128613591197960258580166292579991404246307209, 1, 7.99997, 0.499319, 5.36364, 2.66738, 0.999988, 7.99997, 0.49934, 4.26418, 1.13096
338702195632003423899054791825812636966722594742238308616840909470463950670538000227228247807982274015662885798253, 1, 7.99997, 0.499252, 5.36053, 2.65435, 0.999985, 7.99997, 0.499339, 4.32204, 1.18981
353596421020784823923354604802024552293615169928082504880561892816377673866130871237034905411917444949472924163249610254197982788735661, 1, 7.99997, 0.499212, 5.3588, 2.65639, 0.999988, 7.99997, 0.499292, 4.37597, 1.25935
379913429985166253261405219969158680879782845713363262662576732209393478211685674522682746009494784991736169572431793062350673470341924676580891554284590981, 1, 7.99997, 0.499241, 5.36115, 2.64891, 0.999983, 7.99997, 0.499269, 4.53724, 1.40814
265585943639619888745401850606811478898915292412499026407778509515798643212281428590047161157583811538692308838707605671474458054949982271105173855458220016382901952582765252697, 1, 7.99997, 0.49926, 5.36267, 2.65282, 0.999984, 7.99998, 0.499374, 4.6251, 1.50363
250155017865461131676892375931129147702874650748724432725427563914906883392270785404504472084373343726343479658065186332801897106608508743748946511617542522958510774559731151811088189934267052306441, 1, 7.99997, 0.499264, 5.37096, 2.65257, 0.999987, 7.99997, 0.499339, 4.69334, 1.56125
181191229847149656692916627245330685478074778142457175185611226775289258690925084094133735088631044838224887455919377164866342348908132132108969414307081627798941373988939275257275291385056614563737159910656091065655357, 1, 7.99997, 0.499293, 5.35559, 2.6493, 0.999984, 7.99997, 0.499305, 4.80653, 1.68606
227689262979918523320545305667645965830982410611241604565589383251286890675532104664057187050323415652088618738737157085653811581657359711649117154266069512927693532140844382116742020208110756200706480236171319117520184794254534689740572561, 1, 7.99997, 0.499289, 5.36605, 2.66275, 0.999986, 7.99997, 0.499196, 4.90242, 1.78381
263317244235952738717551364029190327721211017442495807809562349176130059106582886961837240077736978897095290656995230318662009493539343190892707199988889343271394852483439445337051982779115917909440669577970730460547663715631105696700769588343904213469843669661, 1, 7.99997, 0.499229, 5.35473, 2.65233, 0.999989, 7.99997, 0.499247, 5.0727, 1.93931
98240484158628277660033728311520269961718543228934388082893992289989509429462967558634581622541298217156958138520049772492027140675782978729177755843175628010456677163152201682996147991083583044057202553461721788425028102151567517473221448591487737829546210555150953932450731749413, 1, 7.99997, 0.499154, 5.35735, 2.65595, 0.999985, 7.99997, 0.499247, 5.13207, 2.0077
107034034185222626360993587787878019598173057391846985952408479395221535470974649798149334523366867328611646284511995348656045761816979257371647104209533147818058109583995679149995274755619409906536811171760611509826099217926008272514096482472505330964721414777347603499147065612363792189251422215001041, 1, 7.99997, 0.499383, 5.3547, 2.66329, 0.999983, 7.99997, 0.499202, 5.29212, 2.16794
133806472513836297356769248017823471131785754971930781676419856686627451472925939760309405557817634003214686259023457367218741740512965644256183603254930175335327847810498002688649048181870743245243124809210490419974803733793011568322928911233969257280729448991016779391071248365182349796733057132737031265743833273681569901, 1, 7.99997, 0.499296, 5.35461, 2.65521, 0.99998, 7.99997, 0.499221, 5.41845, 2.29113
127716595973971776967551150954956736741378262358812118731541905039072455745842245258323588601703907301557697261128091327483816980901298164081214384559123019088007318703053541983259165535031209717787410687722298507617971032334511017557187028816381549521349554420696584619987795213711308560642811104602776834431676112203511317261704824056327459929, 1, 7.99997, 0.499244, 5.3595, 2.66488, 0.999987, 7.99997, 0.499257, 5.61683, 2.4786
29074898594630339320671776536626083472474853178818473221229637193442867050570304686862513190074010931533135735569334692696425204761125343853232141242481529368650427382086346918800751147749276995394486412867728959242545143685273282080030076409876986784059996449847714741669409756656659076780956734303207287212823913837837733993700968289589973271326249404782414262901, 1, 7.99997, 0.499164, 5.36265, 2.65605, 0.999983, 7.99998, 0.499155, 5.78458, 2.64064
35028451407555568831109553598781277507355593394189319652688892552525510190804861240599574520101903687638632771915981196795076173065975272992811398911431411009840771752731314554319761391433933783586164249892827324751794006166641218023426553946682235718760968437406266080259683107847426630300065677369477258938911574327459359416061713100639238298394699843321321918179835758346118111522893, 1, 7.99997, 0.499327, 5.36869, 2.65831, 0.999986, 7.99997, 0.499472, 6.08299, 2.95491
67367924490989895154472955357534667292040532111347077576595000324248103700387056747105364333997083106591218478032025959197305753220176136546109573632036016558140517472642753972365119180872080973320012899318496995537610392355662862950296146284963491092319322140049735618090290802787079230296853327871268871320262895995863723371238794650615391684615397830626677401848649501283925275869177654306498668802023313, 1, 7.99997, 0.499257, 5.36853, 2.65625, 0.999985, 7.99997, 0.499255, 6.29844, 3.16237
33139662786239901409000916801717151612917939750850224680963337517397236868821514322522093170508165760677734381472733005503392606819372262582637020101802792377833399009263905182177729212179381457034939812309286001683213177864649704604690938212391285752069902071195642942964646559180209157753022225885656451002658617789658527084492698239376034953383061857668799199347491785475644265344116811112983677034469171981021131690632560789, 1, 7.99997, 0.499206, 5.35656, 2.66261, 0.999983, 7.99997, 0.499268, 6.4829, 3.3588
15937233124788988793918093949971157289390250055359590187133142875501845480167371434832368283373153257413305343095580595304583132500864262726136574883169746403654810545358982194635893465966181566077577585533404747670531581606462878179910269766597822955016657453598172089550886573730772277132737077184268015667254073253020286264800462887847979988913846284216833393923745210111453659030856927947411216330404767700514536792977973521623414082437669582757, 1, 7.99997, 0.499224, 5.37805, 2.65313, 0.999984, 7.99998, 0.49937, 6.66628, 3.55848
16662555524414051194441608216511523382610830738112737406653410829369427239263056346104760871614927108241796208050074397116991123751337586046806799774407605449278195377398940092104889954884318087386435226476978231494212573971751544611863826919029571857619314565724957975336947430147926063950261464557362401538381695919667767451130961648025028426229490987865489259880156474981350200926628247702197363974671617827332550319205887949967628627438410521991727811906457962998697, 1, 7.99998, 0.499309, 5.36085, 2.65554, 0.999986, 7.99997, 0.499335, 6.89402, 3.76044
29130281311107740313132475516093404988851253645024543118058447650953055809557122084085792879744007034288626040357015857723767595272360538844503012856674451529766825469255210764174500882976285746581121387877556285992410441938096707500087974675057287402098918432032272462429950001105227252241985595293896712978547172140917664789614427969910767577096945173031810294976131207675658044893055152808203709857506260481324086162780774087591659714923910185501284686495468308198622943463155084775116093, 1, 7.99997, 0.499263, 5.35762, 2.65076, 0.999986, 7.99997, 0.499347, 7.10551, 3.98167
27792754924273982090194554488915109983141053529053457246071109710890548379754592195483000680879702768133771836941547748599747084676922574510757815751196671451406124781199253979315929822496752405011812068106237806851522558650470629621651233482050758923200163255701368669195511057453332154956037033419168060018772253836901173441541858639455990767680028033087703465005491880530863110676758620462557406000723530874568772641023035628147027526742702589851503689502900822246141728444431788336414553507051530741189692341, 1, 7.99997, 0.499282, 5.36473, 2.66172, 0.999985, 7.99997, 0.499194, 7.35253, 4.19519
8819573352135730432168578075751078945152016243468245095580695711580831602413967803711658997115485197722992949472690690962414450974757426485490586726032376695987573801901728278653910174701768358681063175064428890531767532288902757026093772604386604419013607482944905977756932688876394356015278143819799447775516988322661431831751981191102250344783864916458150761450839962509513950222177428858131348506211760133803655926132026328029910144693978681308609570941905207045252590979821439761979688516603208443420353290358821913189389287933, 1, 7.99997, 0.499347, 5.36611, 2.65603, 0.999989, 7.99997, 0.499195, 7.55821, 4.4386
16942247482916715922147966340836308813151039105358671863934750245649838269075845638088455823517275108688218969528016646923169262271606721810296437684920137524211386951929882828206103780211263304639923310606103650071395666344209435312104208825003958673503074591548027285956964635270835176778777274074866267681871611325446073650332602297029099035979440529557441676268285647649821851451490350107683894893617940707753605039890436321197472853713496140198269923982924555286701034719906927434747202782636891395451786296918014233154365819334805157090516539861889, 1, 7.99997, 0.499386, 5.36672, 2.66082, 0.999979, 7.99997, 0.499188, 7.80575, 4.6532
15217440642114184844916088488359171609424903467856142762798551864959180800431537265050190918464365772783317685319910020033398523580061383971836231327887975201060642504581061411220311653662374308111849783396123835710563120367396351425380304324035845147986640948757092357269370649154632028475030902240311014816772349844198889798727741899595192395568455928179818966531970750977858229927998460021323419641655235701562747606029202315532533996126243879630030083018973311568797128101870869969666972688751669328325168445103027129051413651024414113235983679127159420464572058592806777, 1, 7.99997, 0.499246, 5.36888, 2.65009, 0.999983, 7.99997, 0.499234, 8.065, 4.89734
17596720345929113879273830674987357663403945663384251784097996039788800089095818763082592027577101266746325449528858171610631973854112370376952508142135444184296149839686072829993860995737853494709213677378765103216971875954684655478063462643766339175743671067450559636156605356376009176745697454520284040688242429159071641646879941870420753587182305774326812331181216999127445247242421706965478687744185573910951599782596496924533445094226182200658148241216888225065949354317737435759276298770818693359126009049018911026639910408254559625013203736667455738734450073431534934939979303600870121517, 1, 7.99997, 0.499213, 5.37272, 2.66378, 0.99998, 7.99997, 0.499281, 8.23193, 5.10576
17111592875188979743074257954558942761699514666060206375824986873499583525512946356017256490597453823526157900063645974546357075541692869232520620961340525203631922884258282588217813342628832098041594476810219994425152441509190787869243235346090573887970719825199275922493767553234299153248700031497298795480708939127278539960457796466566474629425553494811910247342366382872558894280145432148260960024406799359863478263751031631020899010568100058119766441996699163379096879374144274576082294663699459314957949370614882300431243810344916767080362973030920964255956980761778218641176832465301522982019809900800260295937, 1, 7.99998, 0.49927, 5.37644, 2.67448, 0.999983, 7.99997, 0.499378, 8.2665, 5.15083
