size_mb,npcr_dep,entropy_dep,avalanche_dep,enc_dep_s,dec_dep_s,npcr_cur,entropy_cur,avalanche_cur,enc_cur_s,dec_cur_s
0.5, 1, 7.99981, 0.498909, 0.724474, 0.245798, 0.999991, 7.99981, 0.499027, 1.2935, 0.811568
1, 1, 7.99992, 0.499305, 1.596, 0.684242, 0.999975, 7.99991, 0.499326, 2.58131, 1.61398
1.5, 1, 7.99993, 0.499325, 2.42925, 1.18059, 0.999988, 7.99994, 0.499248, 3.88464, 2.42759
2, 1, 7.99995, 0.499459, 3.30668, 1.5797, 0.999982, 7.99996, 0.499133, 5.16444, 3.22473
2.5, 0.999999, 7.99997, 0.499197, 4.22086, 2.20232, 0.99999, 7.99996, 0.499356, 6.44757, 4.03618
3, 1, 7.99997, 0.49936, 5.06434, 2.64807, 0.99998, 7.99997, 0.499338, 7.76585, 4.844
3.5, 1, 7.99997, 0.499275, 5.90257, 3.10114, 0.999987, 7.99997, 0.499281, 9.0501, 5.64301
4, 1, 7.99998, 0.499398, 6.82445, 3.57629, 0.999987, 7.99998, 0.499338, 10.3357, 6.46176
4.5, 1, 7.99998, 0.499254, 7.81527, 4.05101, 0.999983, 7.99998, 0.499335, 11.6357, 7.29223
5, 1, 7.99998, 0.49936, 8.40217, 3.83616, 0.999981, 7.99998, 0.499254, 13.0931, 8.08295
5.5, 1, 7.99998, 0.499326, 9.69842, 4.84753, 0.999984, 7.99998, 0.499335, 14.4046, 8.85837
6, 1, 7.99998, 0.499331, 10.3955, 4.74459, 0.999986, 7.99998, 0.499255, 15.5196, 9.70286
6.5, 1, 7.99999, 0.499314, 11.4215, 5.58564, 0.999985, 7.99999, 0.499313, 16.84, 10.476
7, 1, 7.99999, 0.499268, 12.1269, 6.45852, 0.999986, 7.99999, 0.499292, 18.1326, 11.3085
7.5, 1, 7.99999, 0.499324, 13.2989, 6.63478, 0.999985, 7.99999, 0.499332, 19.5183, 12.1195
8, 1, 7.99999, 0.499384, 14.0858, 7.08486, 0.999984, 7.99999, 0.499308, 20.8453, 12.9086
8.5, 1, 7.99999, 0.499323, 15.5082, 8.09426, 0.999986, 7.99999, 0.499268, 22.1879, 13.7334
9, 1, 7.99999, 0.499266, 16.0071, 7.92907, 0.999985, 7.99999, 0.49927, 23.3963, 14.5252
9.5, 1, 7.99999, 0.499228, 16.9567, 8.49196, 0.999982, 7.99999, 0.499367, 25.0524, 15.3568
10, 1, 7.99999, 0.499341, 17.4694, 9.10059, 0.999987, 7.99999, 0.499359, 26.0707, 16.1469
